{
  "token_acc": 1.0,
  "token_p": 1.0,
  "token_r": 1.0,
  "token_f": 1.0,
  "tag_acc": 0.7305919816,
  "pos_acc": 0.8582222398,
  "sents_p": 0.9990324141,
  "sents_r": 0.9995159729,
  "sents_f": 0.999274135,
  "dep_uas": 0.7360798556,
  "dep_las": 0.6558677391,
  "dep_las_per_type": {
    "amod": {
      "p": 0.7569011576,
      "r": 0.7443082312,
      "f": 0.7505518764
    },
    "dislocated": {
      "p": 0.5725593668,
      "r": 0.5643693108,
      "f": 0.5684348396
    },
    "root": {
      "p": 0.801644896,
      "r": 0.8020329138,
      "f": 0.801838858
    },
    "nmod": {
      "p": 0.6330326945,
      "r": 0.6664688427,
      "f": 0.6493206129
    },
    "nsubj": {
      "p": 0.5553809898,
      "r": 0.5637958533,
      "f": 0.5595567867
    },
    "advmod": {
      "p": 0.6630094044,
      "r": 0.6640502355,
      "f": 0.6635294118
    },
    "dep": {
      "p": 0.5231788079,
      "r": 0.4364640884,
      "f": 0.4759036145
    },
    "conj": {
      "p": 0.4362336114,
      "r": 0.4692307692,
      "f": 0.452130945
    },
    "xcomp": {
      "p": 0.5160142349,
      "r": 0.4982817869,
      "f": 0.506993007
    },
    "flat": {
      "p": 0.3181818182,
      "r": 0.0654205607,
      "f": 0.1085271318
    },
    "obj": {
      "p": 0.7020602219,
      "r": 0.714132187,
      "f": 0.7080447523
    },
    "acl": {
      "p": 0.6514320536,
      "r": 0.6412717457,
      "f": 0.646311971
    },
    "advcl": {
      "p": 0.5416384563,
      "r": 0.5431093007,
      "f": 0.5423728814
    },
    "det": {
      "p": 0.7744107744,
      "r": 0.8646616541,
      "f": 0.8170515098
    },
    "compound": {
      "p": 0.6912235746,
      "r": 0.6587301587,
      "f": 0.6745858081
    },
    "ccomp": {
      "p": 0.5024834437,
      "r": 0.5037344398,
      "f": 0.5031081641
    },
    "obl": {
      "p": 0.6588072122,
      "r": 0.6480218281,
      "f": 0.6533700138
    },
    "aux": {
      "p": 0.8843490305,
      "r": 0.8955119215,
      "f": 0.8898954704
    },
    "cc": {
      "p": 0.8220064725,
      "r": 0.8410596026,
      "f": 0.8314238953
    },
    "nummod": {
      "p": 0.8494623656,
      "r": 0.8272251309,
      "f": 0.8381962865
    },
    "discourse": {
      "p": 0.0,
      "r": 0.0,
      "f": 0.0
    },
    "fixed": {
      "p": 0.9558232932,
      "r": 0.9958158996,
      "f": 0.9754098361
    },
    "csubj": {
      "p": 0.476744186,
      "r": 0.3727272727,
      "f": 0.4183673469
    },
    "mark": {
      "p": 0.6346153846,
      "r": 0.5076923077,
      "f": 0.5641025641
    },
    "iobj": {
      "p": 0.7142857143,
      "r": 0.4929577465,
      "f": 0.5833333333
    },
    "case": {
      "p": 0.8285714286,
      "r": 0.8529411765,
      "f": 0.8405797101
    },
    "cop": {
      "p": 0.75,
      "r": 0.8,
      "f": 0.7741935484
    },
    "vocative": {
      "p": 0.0,
      "r": 0.0,
      "f": 0.0
    },
    "appos": {
      "p": 0.6428571429,
      "r": 0.6428571429,
      "f": 0.6428571429
    }
  },
  "lemma_acc": 0.8356969086,
  "speed": 11675.4379543036,
  "ents_p": 0.7704418068,
  "ents_r": 0.6603320381,
  "ents_f": 0.7111499981,
  "ents_per_type": {
    "OG": {
      "p": 0.6690604428,
      "r": 0.518312471,
      "f": 0.5841170324
    },
    "PS": {
      "p": 0.7763726095,
      "r": 0.5719154738,
      "f": 0.6586418945
    },
    "QT": {
      "p": 0.8446875,
      "r": 0.8666239179,
      "f": 0.8555151132
    },
    "LC": {
      "p": 0.5936826992,
      "r": 0.5086100861,
      "f": 0.547863531
    },
    "DT": {
      "p": 0.8178854215,
      "r": 0.7611616818,
      "f": 0.7885047149
    },
    "TI": {
      "p": 0.8893528184,
      "r": 0.7816513761,
      "f": 0.83203125
    }
  }
}